title,image_url
래코드와 나이키의 만남,http://img.vogue.co.kr/vogue/2020/09/style_5f4f5b523c179-400x502.jpg
9 to 9,http://img.vogue.co.kr/vogue/2020/09/style_5f4e0b2e42485-400x614.jpg
싸이하이 부츠의 고공 행진,http://img.vogue.co.kr/vogue/2020/08/style_5f486e0ac98ff-400x501.jpg
다니엘 웰링턴 뉴 주얼리 컬렉션,http://img.vogue.co.kr/vogue/2020/09/style_5f478a46d6cdc-400x358.jpg
꽃밭에서,http://img.vogue.co.kr/vogue/2020/08/style_5f47372a4168c-400x501.jpg
꽃과 시계,http://img.vogue.co.kr/vogue/2020/08/style_5f4735db95730-400x501.jpg
힙스터들이 꽂힌 가방 브랜드 4,http://img.vogue.co.kr/vogue/2020/08/style_5f487e430ae64-400x522.png
September Issue,http://img.vogue.co.kr/vogue/2020/08/style_5f471c45df13d-400x502.jpg
"내면의 아름다움을 담다, #PeekabooISeeU",http://img.vogue.co.kr/vogue/2020/08/style_5f43aca657e58-400x518.jpg
LE VOYAGE,http://img.vogue.co.kr/vogue/2020/08/style_5f438d3cbe5b9-e1598263330938.jpg
"알렉산더 맥퀸의 뉴 주얼 사첼, 보석처럼 빛나는 가을 그리고 겨울",http://img.vogue.co.kr/vogue/2020/08/style_5f431ad55ec97.jpg
NO.1 보아,http://img.vogue.co.kr/vogue/2020/08/style_5f4362cc0a728-e1598252035655.jpg
